{
  "angles_on": true,
  "k_angle": 0,
  "dmatrix_on": true,
  "emmatrix_on": true,
  "dense_diagonal_cutoff": 0.0625,
  "dense_diagonal_loading": 0.5,
  "diag_start": 0,
  "diag_cutoff": 1024,
  "constant_chi": 0,
  "constant_chi_on": false,
  "contact_bead_skipping": false,
  "boundary_type": "sphere",
  "bond_type": "gaussian",
  "bond_length": 30,
  "cell_volumes": false,
  "dense_diagonal_on": true,
  "beadvol": 520,
  "parallel": false,
  "ematrix_on": false,
  "ematrix_filename": "off",
  "diag_pseudobeads_on": true,
  "density_cap_on": true,
  "phi_solvent_max": 0.5,
  "phi_chromatin": 0.06,
  "compressibility_on": false,
  "kappa": 20,
  "smatrix_filename": "smatrix.txt",
  "smatrix_on": false,
  "seed": 46341,
  "decay_length": 100,
  "nSweeps": 400000,
  "dump_frequency": 100000,
  "dump_stats_frequency": 100,
  "nEquilibSweeps": 1,
  "bonded_on": true,
  "nonbonded_on": true,
  "binding_on": false,
  "diagonal_on": true,
  "displacement_on": false,
  "translation_on": true,
  "crankshaft_on": true,
  "pivot_on": true,
  "rotate_on": false,
  "plaid_on": true,
  "AB_block": false,
  "domainsize": 800,
  "load_bead_types": true,
  "load_chipseq": true,
  "load_configuration": true,
  "profiling_on": false,
  "print_trans": false,
  "print_acceptance_rates": true,
  "contact_resolution": 1,
  "gridmove_on": true,
  "diag_chis": [3.0194748295798215, 2.0740359260947168, 0.8636535476701381, 0.818606793156095, 0.8863828556977098, 1.3071699826118008, 0.9885969921135952, 1.363686261181265, 1.5568038838139595, 1.406854954891048, 1.5391684783378867, 1.5814974329470899, 1.7949165562913563, 1.7441483905824016, 1.8879656520469053, 1.8558344785761542, 2.4188293777410923, 2.6450030895378434, 2.884377542499516, 3.1380349228734, 3.6032518049875337, 4.000440894607871, 3.8950201292639743, 4.933201561710036, 5.121943819853416, 5.2812240811575935, 6.746244005625497, 7.236777433525503, 8.24180057508181, 8.499161910079973, 9.722490925908813, 11.932891986313866],
  "grid_size": 28.7,
  "track_contactmap": false,
  "diagonal_linear": true,
  "visit_tracking": false,
  "dump_density": false,
  "update_contacts_distance": false,
  "boundary_attract_on": false,
  "boundary_chi": 0,
  "nbeads": 1024,
  "nspecies": 6,
  "load_configuration_filename": "equilibrated.xyz",
  "bead_type_files": ["pcf1.txt", "pcf2.txt", "pcf3.txt", "pcf4.txt", "pcf5.txt", "pcf6.txt"],
  "chis": [
    [-0.02134613151011798, -0.06794715304231502, -0.2305376321845199, -0.3397734874825727, -0.3909335643684823, -0.9986555350934526],
    [-0.06794715304231502, -0.43269602195916584, 0.20553497416967242, 0.455798725386272, -0.024473516558025515, 0.906046683048738],
    [-0.2305376321845199, 0.20553497416967242, -0.2953947425787767, 0.06490555020739255, 0.20957406980953663, 0.13150089750874264],
    [-0.3397734874825727, 0.455798725386272, 0.06490555020739255, -0.49315256452617756, 0.1427543331509741, 0.28823597020470154],
    [-0.3909335643684823, -0.024473516558025515, 0.20957406980953663, 0.1427543331509741, -0.22586558032096044, 0.0969955389859407],
    [-0.9986555350934526, 0.906046683048738, 0.13150089750874264, 0.28823597020470154, 0.0969955389859407, -0.5555745061482128]
  ]
}