{
  "angles_on": true,
  "k_angle": 0,
  "dmatrix_on": true,
  "emmatrix_on": true,
  "dense_diagonal_cutoff": 0.0625,
  "dense_diagonal_loading": 0.5,
  "diag_start": 0,
  "diag_cutoff": 1024,
  "constant_chi": 0,
  "constant_chi_on": false,
  "contact_bead_skipping": false,
  "boundary_type": "sphere",
  "bond_type": "gaussian",
  "bond_length": 30,
  "cell_volumes": false,
  "dense_diagonal_on": true,
  "beadvol": 520,
  "parallel": false,
  "ematrix_on": false,
  "ematrix_filename": "off",
  "diag_pseudobeads_on": true,
  "density_cap_on": true,
  "phi_solvent_max": 0.5,
  "phi_chromatin": 0.06,
  "compressibility_on": false,
  "kappa": 20,
  "smatrix_filename": "smatrix.txt",
  "smatrix_on": false,
  "seed": 1356,
  "decay_length": 100,
  "nSweeps": 400000,
  "dump_frequency": 100000,
  "dump_stats_frequency": 100,
  "nEquilibSweeps": 1,
  "bonded_on": true,
  "nonbonded_on": true,
  "binding_on": false,
  "diagonal_on": true,
  "displacement_on": false,
  "translation_on": true,
  "crankshaft_on": true,
  "pivot_on": true,
  "rotate_on": false,
  "plaid_on": true,
  "AB_block": false,
  "domainsize": 800,
  "load_bead_types": true,
  "load_chipseq": true,
  "load_configuration": true,
  "profiling_on": false,
  "print_trans": false,
  "print_acceptance_rates": true,
  "contact_resolution": 1,
  "gridmove_on": true,
  "diag_chis": [3.005877425468213, 2.0773027192963696, 0.9129074750222502, 0.8543169523558192, 0.8642947075670561, 1.2836404345947332, 0.9592179358688361, 1.343749924084966, 1.5138198232592233, 1.4412696831608733, 1.5564217962613813, 1.612287365288746, 1.8221804151555496, 1.8596490171497495, 1.8994725155377514, 1.9303186770880143, 2.4173865487181185, 2.6481576665918127, 2.8976015622031186, 3.162855688153906, 3.6114554385647635, 3.9960446750383323, 3.9291654406175196, 4.90341768216978, 5.24711048442485, 5.33206449439886, 6.686687785991561, 7.275722431578694, 8.39572999711405, 8.807591246144884, 10.300237249580317, 12.090029065984846],
  "grid_size": 28.7,
  "track_contactmap": false,
  "diagonal_linear": true,
  "visit_tracking": false,
  "dump_density": false,
  "update_contacts_distance": false,
  "boundary_attract_on": false,
  "boundary_chi": 0,
  "nbeads": 1024,
  "nspecies": 6,
  "load_configuration_filename": "equilibrated.xyz",
  "bead_type_files": ["pcf1.txt", "pcf2.txt", "pcf3.txt", "pcf4.txt", "pcf5.txt", "pcf6.txt"],
  "chis": [
    [0.0011590369324601252, -0.07657445118786226, -0.2537293692612946, -0.37247216194083066, -0.4166323571532212, -0.990534358541783],
    [-0.07657445118786226, -0.4560914114868781, 0.20592106918233608, 0.47019658591217794, -0.022035494835276365, 0.9000416597275164],
    [-0.2537293692612946, 0.20592106918233608, -0.27993420313433387, 0.10337063507709476, 0.20775022062851276, 0.15928307945388998],
    [-0.37247216194083066, 0.47019658591217794, 0.10337063507709476, -0.4801586245277924, 0.15186453040972356, 0.28689917334605264],
    [-0.4166323571532212, -0.022035494835276365, 0.20775022062851276, 0.15186453040972356, -0.20731486390104975, 0.09041182458005462],
    [-0.990534358541783, 0.9000416597275164, 0.15928307945388998, 0.28689917334605264, 0.09041182458005462, -0.5476234471893499]
  ]
}