{
  "angles_on": true,
  "k_angle": 0,
  "dmatrix_on": true,
  "emmatrix_on": true,
  "dense_diagonal_cutoff": 0.0625,
  "dense_diagonal_loading": 0.5,
  "diag_start": 0,
  "diag_cutoff": 1024,
  "constant_chi": 0,
  "constant_chi_on": false,
  "contact_bead_skipping": false,
  "boundary_type": "sphere",
  "bond_type": "gaussian",
  "bond_length": 30,
  "cell_volumes": false,
  "dense_diagonal_on": true,
  "beadvol": 520,
  "parallel": false,
  "ematrix_on": false,
  "ematrix_filename": "off",
  "diag_pseudobeads_on": true,
  "density_cap_on": true,
  "phi_solvent_max": 0.5,
  "phi_chromatin": 0.06,
  "compressibility_on": false,
  "kappa": 20,
  "smatrix_filename": "smatrix.txt",
  "smatrix_on": false,
  "seed": 44053,
  "decay_length": 100,
  "nSweeps": 10000,
  "dump_frequency": 100000,
  "dump_stats_frequency": 100,
  "nEquilibSweeps": 1,
  "bonded_on": true,
  "nonbonded_on": true,
  "binding_on": false,
  "diagonal_on": true,
  "displacement_on": false,
  "translation_on": true,
  "crankshaft_on": true,
  "pivot_on": true,
  "rotate_on": false,
  "plaid_on": true,
  "AB_block": false,
  "domainsize": 800,
  "load_bead_types": true,
  "load_chipseq": true,
  "load_configuration": false,
  "profiling_on": false,
  "print_trans": false,
  "print_acceptance_rates": true,
  "contact_resolution": 1,
  "gridmove_on": true,
  "diag_chis": [3.02348096112881, 2.058883180069854, 0.8287382164740231, 0.89749876147622, 0.8509895707380316, 1.2023535758537875, 0.9261307464541843, 1.3302354414012163, 1.5223942639080636, 1.3789997540293977, 1.5748572050477239, 1.4213764947719345, 1.6251421824247607, 2.000180568852369, 1.9198599469536608, 1.8737905427372084, 2.401669863471561, 2.6537987387505666, 2.8597893336419844, 3.1525810492874276, 3.6249272436540796, 3.9081669730464257, 3.911378674719184, 4.835300332300281, 5.0303326240433135, 5.136074438869816, 6.2431424757105, 6.74494474555685, 7.925984781196913, 8.19040176402695, 9.092729714969467, 10.413766162012207],
  "grid_size": 28.7,
  "track_contactmap": false,
  "diagonal_linear": true,
  "visit_tracking": false,
  "dump_density": false,
  "update_contacts_distance": false,
  "boundary_attract_on": false,
  "boundary_chi": 0,
  "nbeads": 1024,
  "nspecies": 6,
  "load_configuration_filename": "equilibrated.xyz",
  "bead_type_files": ["pcf1.txt", "pcf2.txt", "pcf3.txt", "pcf4.txt", "pcf5.txt", "pcf6.txt"],
  "chis": [
    [0.0014408240074679918, -0.13764098246013662, -0.25009642642804586, -0.36207338683443596, -0.35790999760512093, -0.9581613014538811],
    [-0.13764098246013662, -0.4208139801275851, 0.17637618027530674, 0.5499364926000897, -0.06978680482514854, 0.8950756180150328],
    [-0.25009642642804586, 0.17637618027530674, -0.2670270107468218, 0.09874309883145699, 0.23111031512565083, 0.16485983864464865],
    [-0.36207338683443596, 0.5499364926000897, 0.09874309883145699, -0.4881024805117873, 0.08751862129738253, 0.25627007883852404],
    [-0.35790999760512093, -0.06978680482514854, 0.23111031512565083, 0.08751862129738253, -0.18562976026180894, 0.08047854015212082],
    [-0.9581613014538811, 0.8950756180150328, 0.16485983864464865, 0.25627007883852404, 0.08047854015212082, -0.5532094732285456]
  ]
}