{
  "seed": 16433,
  "production": true,
  "decay_length": 100,
  "nSweeps": 500000,
  "dump_frequency": 10000,
  "dump_stats_frequency": 100,
  "nEquilibSweeps": 1,
  "bonded_on": true,
  "nonbonded_on": true,
  "binding_on": false,
  "diagonal_on": true,
  "displacement_on": false,
  "translation_on": true,
  "crankshaft_on": true,
  "pivot_on": true,
  "rotate_on": true,
  "plaid_on": true,
  "AB_block": false,
  "domainsize": 800,
  "load_bead_types": true,
  "load_configuration": false,
  "prof_timer_on": false,
  "print_trans": false,
  "print_acceptance_rates": true,
  "contact_resolution": 1,
  "gridmove_on": true,
  "diag_chis": [
    0.0,
    0.02631578947368421,
    0.05263157894736842,
    0.07894736842105263,
    0.10526315789473684,
    0.13157894736842105,
    0.15789473684210525,
    0.18421052631578946,
    0.21052631578947367,
    0.23684210526315788,
    0.2631578947368421,
    0.2894736842105263,
    0.3157894736842105,
    0.3421052631578947,
    0.3684210526315789,
    0.39473684210526316,
    0.42105263157894735,
    0.4473684210526315,
    0.47368421052631576,
    0.5
  ],
  "grid_size": 28.7,
  "track_contactmap": false,
  "diagonal_linear": true,
  "visit_tracking": false,
  "dump_density": false,
  "update_contacts_distance": false,
  "boundary_attract_on": false,
  "boundary_chi": 0,
  "smatrix_filename": "s_matrix.txt",
  "smatrix_on": false,
  "ematrix_filename": "e_matrix.txt",
  "ematrix_on": true,
  "phi_solvent_max": 0.5,
  "phi_chromatin": 0.06966,
  "kappa": 0,
  "beadvol": 520,
  "density_cap_on": true,
  "compressibility_on": false,
  "diag_pseudobeads_on": true,
  "parallel": false,
  "set_num_threads": true,
  "num_threads": 2,
  "bead_type_files": null,
  "nspecies": 0,
  "nbeads": 1024,
  "load_configuration_filename": "none"
}