{
    "ematrix_on": false,
    "ematrix_filename": "off",
    "diag_pseudobeads_on": true,
    "density_cap_on": false,
    "phi_solvent_max": 0.5,
    "phi_chromatin": 0.06966,
    "compressibility_on": false,
    "kappa": 20,
    "smatrix_filename": "smatrix.txt",
    "smatrix_on": false,
    "seed": 1,
    "production": true,
    "decay_length": 100,
    "nSweeps": 10000,
    "dump_frequency": 50000,
    "dump_stats_frequency": 100,
    "nEquilibSweeps": 1,
    "bonded_on": true,
    "nonbonded_on": true,
    "binding_on": false,
    "diagonal_on": true,
    "displacement_on": false,
    "translation_on": true,
    "crankshaft_on": true,
    "pivot_on": true,
    "rotate_on": true,
    "plaid_on": true,
    "AB_block": false,
    "domainsize": 800,
    "load_bead_types": true,
    "load_chipseq": true,
    "load_configuration": false,
    "prof_timer_on": false,
    "print_trans": false,
    "print_acceptance_rates": true,
    "contact_resolution": 1,
    "gridmove_on": true,
    "diag_chis": [
        -7.19837,
        7.04634,
        6.07638,
        6.80548,
        6.6788,
        6.48355,
        7.30739,
        7.29189,
        7.17915,
        7.7833,
        7.10188,
        7.31396,
        7.30201,
        7.44769,
        7.78868,
        8.17329,
        8.43482,
        8.01852,
        8.70356,
        8.69361,
        8.45021,
        9.11227,
        8.03545,
        9.07437,
        9.97372,
        9.71147,
        9.96197,
        9.62537,
        9.30765,
        10.93208,
        11.5761,
        11.02452,
        11.73642,
        11.07735,
        11.58998,
        13.09781,
        12.2815,
        12.00358,
        12.73687,
        14.33504,
        13.01142,
        14.15806,
        13.94476,
        16.42279,
        16.69984,
        16.27979,
        16.50737,
        17.01003,
        15.86325,
        20.56708,
        20.36983,
        17.43179,
        17.8582,
        18.03505,
        17.31647,
        21.45866,
        28.02044,
        26.93882,
        24.34827,
        16.6166,
        25.0509,
        20.22437,
        30.22746,
        32.94152
    ],
    "grid_size": 28.7,
    "track_contactmap": false,
    "diagonal_linear": true,
    "visit_tracking": false,
    "dump_density": false,
    "update_contacts_distance": false,
    "boundary_attract_on": false,
    "boundary_chi": 0,
    "chiAA": 2.49293,
    "chiAB": -13.92894,
    "chiAC": -2.39688,
    "chiAD": -17.95212,
    "chiAE": 11.30506,
    "chiBA": 0,
    "chiBB": -0.61021,
    "chiBC": 8.94091,
    "chiBD": 5.72617,
    "chiBE": -4.24249,
    "chiCA": 0,
    "chiCB": 0,
    "chiCC": -0.43501,
    "chiCD": 3.1748,
    "chiCE": -4.20618,
    "chiDA": 0,
    "chiDB": 0,
    "chiDC": 0,
    "chiDD": 1.34076,
    "chiDE": -2.28124,
    "chiEE": 0.14207,
    "nbeads": 1024,
    "nspecies": 11,
    "load_configuration_filename": "input1024.xyz",
    "bead_type_files": [
        "pcf1.txt",
        "pcf2.txt",
        "pcf3.txt",
        "pcf4.txt",
        "pcf5.txt",
        "pcf6.txt",
        "pcf7.txt",
        "pcf8.txt",
        "pcf9.txt",
        "pcf10.txt",
        "pcf11.txt"
    ],
    "chipseq_files": [
        "pcf1.txt",
        "pcf2.txt"
    ],
    "chiAF": -12.37424,
    "chiAG": 6.11382,
    "chiAH": 17.25544,
    "chiAI": -1.71461,
    "chiAJ": 5.70622,
    "chiAK": 7.33849,
    "chiBF": 32.02227,
    "chiBG": -31.73301,
    "chiBH": 10.24671,
    "chiBI": 1.91071,
    "chiBJ": 1.54373,
    "chiBK": -8.47123,
    "chiCF": 9.43265,
    "chiCG": -5.36864,
    "chiCH": -8.72347,
    "chiCI": -0.5031,
    "chiCJ": -0.59629,
    "chiCK": 0.9619,
    "chiDF": 27.09415,
    "chiDG": -8.24335,
    "chiDH": -11.41994,
    "chiDI": 3.1262,
    "chiDJ": -0.63855,
    "chiDK": -6.75693,
    "chiEF": -19.60503,
    "chiEG": 22.21667,
    "chiEH": -8.85841,
    "chiEI": -3.40105,
    "chiEJ": -0.00734,
    "chiEK": 6.63552,
    "chiFF": 27.04347,
    "chiFG": -80.61294,
    "chiFH": 6.20988,
    "chiFI": 0.29293,
    "chiFJ": -2.41918,
    "chiFK": -18.43228,
    "chiGG": 75.79548,
    "chiGH": -64.03477,
    "chiGI": 7.6727,
    "chiGJ": 2.5163,
    "chiGK": 16.96414,
    "chiHH": 26.17762,
    "chiHI": -4.40578,
    "chiHJ": -6.2383,
    "chiHK": -1.61299,
    "chiII": -0.63353,
    "chiIJ": -3.48968,
    "chiIK": -2.21191,
    "chiJJ": -0.33891,
    "chiJK": 8.49391,
    "chiKK": 6.19517
}
