{
  "angles_on": true,
  "k_angle": 0,
  "dmatrix_on": true,
  "emmatrix_on": true,
  "dense_diagonal_cutoff": 0.0625,
  "dense_diagonal_loading": 0.5,
  "diag_start": 0,
  "diag_cutoff": 1024,
  "constant_chi": 0,
  "constant_chi_on": false,
  "contact_bead_skipping": false,
  "boundary_type": "sphere",
  "bond_type": "gaussian",
  "bond_length": 30,
  "cell_volumes": false,
  "dense_diagonal_on": true,
  "beadvol": 520,
  "parallel": false,
  "ematrix_on": false,
  "ematrix_filename": "off",
  "diag_pseudobeads_on": true,
  "density_cap_on": true,
  "phi_solvent_max": 0.5,
  "phi_chromatin": 0.06,
  "compressibility_on": false,
  "kappa": 20,
  "smatrix_filename": "smatrix.txt",
  "smatrix_on": false,
  "seed": 26252,
  "decay_length": 100,
  "nSweeps": 50000,
  "dump_frequency": 100000,
  "dump_stats_frequency": 100,
  "nEquilibSweeps": 1,
  "bonded_on": true,
  "nonbonded_on": true,
  "binding_on": false,
  "diagonal_on": true,
  "displacement_on": false,
  "translation_on": true,
  "crankshaft_on": true,
  "pivot_on": true,
  "rotate_on": false,
  "plaid_on": true,
  "AB_block": false,
  "domainsize": 800,
  "load_bead_types": true,
  "load_chipseq": true,
  "load_configuration": true,
  "profiling_on": false,
  "print_trans": false,
  "print_acceptance_rates": true,
  "contact_resolution": 1,
  "gridmove_on": true,
  "diag_chis": [0.38974030526652836, -0.10579807511264969, -0.2928890258452982, -0.41115807274378424, -0.4828776132184631, -0.2946028931556308, -0.6497898051864687, -0.4670207566993383, -0.3901503328218551, -0.15150429825698875, -0.5913495080215317, -0.17347046327050686, -0.2669666603939751, -0.044293094538629174, -0.08140270380241338, -0.3629883712436568, -0.07846158841336486, 0.00309221268656909, 0.08439546637754064, 0.15700474118820498, 0.16514064385858723, 0.20521766535876587, 0.274680096688275, 0.29996373776286867, 0.24425496142564485, 0.33242258101405125, 0.29651976373561983, 0.24367372695619982, 0.2511672763468833, 0.2792969698670109, 0.23649275855670415, 0.4211302412796205],
  "grid_size": 28.7,
  "track_contactmap": false,
  "diagonal_linear": true,
  "visit_tracking": false,
  "dump_density": false,
  "update_contacts_distance": false,
  "boundary_attract_on": false,
  "boundary_chi": 0,
  "nbeads": 1024,
  "nspecies": 6,
  "load_configuration_filename": "equilibrated.xyz",
  "bead_type_files": ["pcf1.txt", "pcf2.txt", "pcf3.txt", "pcf4.txt", "pcf5.txt", "pcf6.txt"],
  "chis": [
    [-0.05065800877970039, 0.10525788624664378, 0.06546772948815116, 0.011486262347168541, -0.11189511805885921, -0.09629361039548101],
    [0.10525788624664378, -0.07452060608058286, 0.0074481013880275115, -0.00916888061924881, -0.0708764797987409, 0.13353354622223879],
    [0.06546772948815116, 0.0074481013880275115, -0.0629127858639656, -0.001408338576448176, -0.018803063307018364, 0.06379715045825311],
    [0.011486262347168541, -0.00916888061924881, -0.001408338576448176, -0.06595666996982619, 0.01053506271491278, -0.02537643378774787],
    [-0.11189511805885921, -0.0708764797987409, -0.018803063307018364, 0.01053506271491278, 0.046055121055182724, 0.0339498871849937],
    [-0.09629361039548101, 0.13353354622223879, 0.06379715045825311, -0.02537643378774787, 0.0339498871849937, -0.05518161970531843]
  ]
}