{
  "angles_on": true,
  "k_angle": 0,
  "dmatrix_on": true,
  "emmatrix_on": true,
  "dense_diagonal_cutoff": 0.0625,
  "dense_diagonal_loading": 0.5,
  "diag_start": 0,
  "diag_cutoff": 1024,
  "constant_chi": 0,
  "constant_chi_on": false,
  "contact_bead_skipping": false,
  "boundary_type": "sphere",
  "bond_type": "gaussian",
  "bond_length": 30,
  "cell_volumes": false,
  "dense_diagonal_on": true,
  "beadvol": 520,
  "parallel": false,
  "ematrix_on": false,
  "ematrix_filename": "off",
  "diag_pseudobeads_on": true,
  "density_cap_on": true,
  "phi_solvent_max": 0.5,
  "phi_chromatin": 0.06,
  "compressibility_on": false,
  "kappa": 20,
  "smatrix_filename": "smatrix.txt",
  "smatrix_on": false,
  "seed": 65689,
  "decay_length": 100,
  "nSweeps": 50000,
  "dump_frequency": 100000,
  "dump_stats_frequency": 100,
  "nEquilibSweeps": 1,
  "bonded_on": true,
  "nonbonded_on": true,
  "binding_on": false,
  "diagonal_on": true,
  "displacement_on": false,
  "translation_on": true,
  "crankshaft_on": true,
  "pivot_on": true,
  "rotate_on": false,
  "plaid_on": true,
  "AB_block": false,
  "domainsize": 800,
  "load_bead_types": true,
  "load_chipseq": true,
  "load_configuration": true,
  "profiling_on": false,
  "print_trans": false,
  "print_acceptance_rates": true,
  "contact_resolution": 1,
  "gridmove_on": true,
  "diag_chis": [2.9352160577514597, 1.8492280801450771, 0.6678472120700738, 0.5607383816626748, 0.7899860101981506, 0.9697137157240647, 0.8948629471502965, 1.0412997323782727, 1.2705523170015838, 1.3260479977999524, 1.407641878518331, 1.0629813385302036, 1.4883014671212056, 1.7317637593761237, 1.7508349152994422, 1.7910869735070032, 2.1516888175888718, 2.3314771653986583, 2.5721135390867147, 2.929063245687762, 3.1911969334490378, 3.622067395524482, 3.501193297733866, 4.25266092237892, 4.079060547261688, 4.380856962526177, 5.2914748146697494, 5.049917993619905, 5.8547483991512, 5.8060707832058345, 6.062135080515728, 7.239626059369502],
  "grid_size": 28.7,
  "track_contactmap": false,
  "diagonal_linear": true,
  "visit_tracking": false,
  "dump_density": false,
  "update_contacts_distance": false,
  "boundary_attract_on": false,
  "boundary_chi": 0,
  "nbeads": 1024,
  "nspecies": 6,
  "load_configuration_filename": "equilibrated.xyz",
  "bead_type_files": ["pcf1.txt", "pcf2.txt", "pcf3.txt", "pcf4.txt", "pcf5.txt", "pcf6.txt"],
  "chis": [
    [-0.04923299490807674, 0.07148296896631795, -0.2793451357419057, -0.24016575067253781, -0.5526711133585409, -0.9596838401490139],
    [0.07148296896631795, -0.46177331795061954, 0.1592395408796562, 0.3467984282079159, -0.05877790345553141, 0.8609026097823513],
    [-0.2793451357419057, 0.1592395408796562, -0.23522731897673238, 0.07635393429735496, 0.2456876985003118, 0.20369083391694373],
    [-0.24016575067253781, 0.3467984282079159, 0.07635393429735496, -0.4663052582882923, 0.1402267769417499, 0.2568733279941817],
    [-0.5526711133585409, -0.05877790345553141, 0.2456876985003118, 0.1402267769417499, -0.05763809731656608, 0.07943987641743834],
    [-0.9596838401490139, 0.8609026097823513, 0.20369083391694373, 0.2568733279941817, 0.07943987641743834, -0.486130484872766]
  ]
}