{
  "angles_on": true,
  "k_angle": 0,
  "dmatrix_on": true,
  "emmatrix_on": true,
  "dense_diagonal_cutoff": 0.0625,
  "dense_diagonal_loading": 0.5,
  "diag_start": 0,
  "diag_cutoff": 1024,
  "constant_chi": 0,
  "constant_chi_on": false,
  "contact_bead_skipping": false,
  "boundary_type": "sphere",
  "bond_type": "gaussian",
  "bond_length": 30,
  "cell_volumes": false,
  "dense_diagonal_on": true,
  "beadvol": 520,
  "parallel": false,
  "ematrix_on": false,
  "ematrix_filename": "off",
  "diag_pseudobeads_on": true,
  "density_cap_on": true,
  "phi_solvent_max": 0.5,
  "phi_chromatin": 0.06,
  "compressibility_on": false,
  "kappa": 20,
  "smatrix_filename": "smatrix.txt",
  "smatrix_on": false,
  "seed": 75809,
  "decay_length": 100,
  "nSweeps": 50000,
  "dump_frequency": 100000,
  "dump_stats_frequency": 100,
  "nEquilibSweeps": 1,
  "bonded_on": true,
  "nonbonded_on": true,
  "binding_on": false,
  "diagonal_on": true,
  "displacement_on": false,
  "translation_on": true,
  "crankshaft_on": true,
  "pivot_on": true,
  "rotate_on": false,
  "plaid_on": true,
  "AB_block": false,
  "domainsize": 800,
  "load_bead_types": true,
  "load_chipseq": true,
  "load_configuration": true,
  "profiling_on": false,
  "print_trans": false,
  "print_acceptance_rates": true,
  "contact_resolution": 1,
  "gridmove_on": true,
  "diag_chis": [3.0595226915553035, 2.038442629747557, 0.9020620698013512, 0.832420828061488, 0.8635546276154734, 1.2579468165430412, 0.8859781133152091, 1.4667554317244251, 1.3535511637235134, 1.447750596921126, 1.6483089960902872, 1.67750370365125, 1.7652114111805037, 1.8390732230069486, 1.7814580883229156, 1.9624377142112823, 2.411470231373308, 2.6514257126852114, 2.8728969581989348, 3.1891160348804637, 3.604393518722343, 3.9425104917929192, 3.956106711046874, 4.920975693547763, 5.112022854076091, 5.23184623447202, 6.6900180758121435, 7.279649355391757, 8.352564182810243, 8.705831132409585, 9.821984433647806, 11.587494649797101],
  "grid_size": 28.7,
  "track_contactmap": false,
  "diagonal_linear": true,
  "visit_tracking": false,
  "dump_density": false,
  "update_contacts_distance": false,
  "boundary_attract_on": false,
  "boundary_chi": 0,
  "nbeads": 1024,
  "nspecies": 6,
  "load_configuration_filename": "equilibrated.xyz",
  "bead_type_files": ["pcf1.txt", "pcf2.txt", "pcf3.txt", "pcf4.txt", "pcf5.txt", "pcf6.txt"],
  "chis": [
    [0.0480154712226387, -0.0631325274925828, -0.21412193510382727, -0.4576171848207624, -0.46335845932729014, -1.0136250130481077],
    [-0.0631325274925828, -0.4693657540532942, 0.19103383738409127, 0.4761327513272899, 0.02889686424125487, 0.9155081269662582],
    [-0.21412193510382727, 0.19103383738409127, -0.27922059483572664, 0.08084705347686022, 0.20987859930737932, 0.1376458488344725],
    [-0.4576171848207624, 0.4761327513272899, 0.08084705347686022, -0.46311333126413756, 0.20368889288818237, 0.2972333997333094],
    [-0.46335845932729014, 0.02889686424125487, 0.20987859930737932, 0.20368889288818237, -0.23445704228916137, 0.10053491099693161],
    [-1.0136250130481077, 0.9155081269662582, 0.1376458488344725, 0.2972333997333094, 0.10053491099693161, -0.56135926793345]
  ]
}