{
  "angles_on": true,
  "k_angle": 0,
  "dmatrix_on": true,
  "emmatrix_on": true,
  "dense_diagonal_cutoff": 0.0625,
  "dense_diagonal_loading": 0.5,
  "diag_start": 0,
  "diag_cutoff": 1024,
  "constant_chi": 0,
  "constant_chi_on": false,
  "contact_bead_skipping": false,
  "boundary_type": "sphere",
  "bond_type": "gaussian",
  "bond_length": 30,
  "cell_volumes": false,
  "dense_diagonal_on": true,
  "beadvol": 520,
  "parallel": false,
  "ematrix_on": false,
  "ematrix_filename": "off",
  "diag_pseudobeads_on": true,
  "density_cap_on": true,
  "phi_solvent_max": 0.5,
  "phi_chromatin": 0.06,
  "compressibility_on": false,
  "kappa": 20,
  "smatrix_filename": "smatrix.txt",
  "smatrix_on": false,
  "seed": 17576,
  "decay_length": 100,
  "nSweeps": 400000,
  "dump_frequency": 100000,
  "dump_stats_frequency": 100,
  "nEquilibSweeps": 1,
  "bonded_on": true,
  "nonbonded_on": true,
  "binding_on": false,
  "diagonal_on": true,
  "displacement_on": false,
  "translation_on": true,
  "crankshaft_on": true,
  "pivot_on": true,
  "rotate_on": false,
  "plaid_on": true,
  "AB_block": false,
  "domainsize": 800,
  "load_bead_types": true,
  "load_chipseq": true,
  "load_configuration": true,
  "profiling_on": false,
  "print_trans": false,
  "print_acceptance_rates": true,
  "contact_resolution": 1,
  "gridmove_on": true,
  "diag_chis": [3.017869335389032, 2.0654529824859713, 0.8784615587202945, 0.8409524249494293, 0.8748827464920212, 1.2644353431133388, 0.9591115345574465, 1.3439297585761816, 1.5311556470282701, 1.4296849935008156, 1.549025822248263, 1.6209521675461287, 1.8076145056732342, 1.8073657887091945, 1.947234974423292, 1.8887147820876278, 2.416613636112537, 2.631753354546422, 2.9025268551524093, 3.1606212430713816, 3.605642969578308, 4.009607849668124, 3.96418344914035, 4.947089777478315, 5.218246816164055, 5.313751384950689, 6.6119810482856, 7.268874452645834, 8.373397405582844, 8.730605807817135, 10.132495441680556, 11.673725168452888],
  "grid_size": 28.7,
  "track_contactmap": false,
  "diagonal_linear": true,
  "visit_tracking": false,
  "dump_density": false,
  "update_contacts_distance": false,
  "boundary_attract_on": false,
  "boundary_chi": 0,
  "nbeads": 1024,
  "nspecies": 6,
  "load_configuration_filename": "equilibrated.xyz",
  "bead_type_files": ["pcf1.txt", "pcf2.txt", "pcf3.txt", "pcf4.txt", "pcf5.txt", "pcf6.txt"],
  "chis": [
    [-0.016422064822362456, -0.04163674547916678, -0.21095633740248218, -0.35116385098289254, -0.417987449825356, -0.9859241040189515],
    [-0.04163674547916678, -0.44888284974791703, 0.1971921553113305, 0.4484370970518971, -0.048398027164623075, 0.893475573188953],
    [-0.21095633740248218, 0.1971921553113305, -0.2847914202875608, 0.07704592228071341, 0.19425739856477828, 0.1449073029755005],
    [-0.35116385098289254, 0.4484370970518971, 0.07704592228071341, -0.49138252058796683, 0.16420709852756407, 0.27789085520229784],
    [-0.417987449825356, -0.048398027164623075, 0.19425739856477828, 0.16420709852756407, -0.19684350439771103, 0.09996391241779927],
    [-0.9859241040189515, 0.893475573188953, 0.1449073029755005, 0.27789085520229784, 0.09996391241779927, -0.5513134233179746]
  ]
}