{
  "angles_on": true,
  "k_angle": 0,
  "dmatrix_on": true,
  "emmatrix_on": true,
  "dense_diagonal_cutoff": 0.0625,
  "dense_diagonal_loading": 0.5,
  "diag_start": 0,
  "diag_cutoff": 1024,
  "constant_chi": 0,
  "constant_chi_on": false,
  "contact_bead_skipping": false,
  "boundary_type": "sphere",
  "bond_type": "gaussian",
  "bond_length": 30,
  "cell_volumes": false,
  "dense_diagonal_on": true,
  "beadvol": 520,
  "parallel": false,
  "ematrix_on": false,
  "ematrix_filename": "off",
  "diag_pseudobeads_on": true,
  "density_cap_on": true,
  "phi_solvent_max": 0.5,
  "phi_chromatin": 0.06,
  "compressibility_on": false,
  "kappa": 20,
  "smatrix_filename": "smatrix.txt",
  "smatrix_on": false,
  "seed": 74019,
  "decay_length": 100,
  "nSweeps": 50000,
  "dump_frequency": 100000,
  "dump_stats_frequency": 100,
  "nEquilibSweeps": 1,
  "bonded_on": true,
  "nonbonded_on": true,
  "binding_on": false,
  "diagonal_on": true,
  "displacement_on": false,
  "translation_on": true,
  "crankshaft_on": true,
  "pivot_on": true,
  "rotate_on": false,
  "plaid_on": true,
  "AB_block": false,
  "domainsize": 800,
  "load_bead_types": true,
  "load_chipseq": true,
  "load_configuration": true,
  "profiling_on": false,
  "print_trans": false,
  "print_acceptance_rates": true,
  "contact_resolution": 1,
  "gridmove_on": true,
  "diag_chis": [2.6232181908439363, 1.6917383718316579, 0.07487521033873401, 0.22560100365372776, 0.5113278205913966, 0.7607859122200513, 0.5843710902138721, 0.5287529969380872, 0.9260516166930304, 0.8614238344877583, 0.8808858553262464, 0.8327059095027937, 1.1944413618026122, 1.7143960050527358, 1.293222164169793, 1.5218942718005752, 1.6467783419520665, 1.9332931124511226, 2.0507673570575524, 2.399697940227679, 2.653277488412092, 2.925399166196534, 2.87265898686991, 3.470911626678472, 3.0319494999930647, 3.5055841856518324, 3.946017667808838, 3.6857795340256656, 4.5637606329993385, 4.241069818558467, 4.312678169789988, 5.468182980877376],
  "grid_size": 28.7,
  "track_contactmap": false,
  "diagonal_linear": true,
  "visit_tracking": false,
  "dump_density": false,
  "update_contacts_distance": false,
  "boundary_attract_on": false,
  "boundary_chi": 0,
  "nbeads": 1024,
  "nspecies": 6,
  "load_configuration_filename": "equilibrated.xyz",
  "bead_type_files": ["pcf1.txt", "pcf2.txt", "pcf3.txt", "pcf4.txt", "pcf5.txt", "pcf6.txt"],
  "chis": [
    [-0.13168316307951256, 0.025981091606593676, -0.21358288654832291, -0.21129299032475668, -0.3843684489876198, -0.8875477151184373],
    [0.025981091606593676, -0.4258948625198601, 0.08732578036880467, 0.41006369561127554, -0.1647411210690337, 0.8979680042529419],
    [-0.21358288654832291, 0.08732578036880467, -0.22912258979818317, 0.16825226994930506, 0.19985471274269279, 0.22167489893566628],
    [-0.21129299032475668, 0.41006369561127554, 0.16825226994930506, -0.4221745429728483, 0.09640155317218335, 0.16810675727591787],
    [-0.3843684489876198, -0.1647411210690337, 0.19985471274269279, 0.09640155317218335, 0.021628967752497452, 0.0940403274823488],
    [-0.8875477151184373, 0.8979680042529419, 0.22167489893566628, 0.16810675727591787, 0.0940403274823488, -0.5057686740308304]
  ]
}