{
  "dmatrix_on": true,
  "ematrix_on": false,
  "dense_diagonal_cutoff": 0.0625,
  "dense_diagonal_loading": 0.5,
  "diag_start": 0,
  "diag_cutoff": 1024,
  "constant_chi": 0,
  "constant_chi_on": false,
  "contact_bead_skipping": false,
  "boundary_type": "sphere",
  "bond_type": "gaussian",
  "bond_length": 30,
  "cell_volumes": false,
  "dense_diagonal_on": true,
  "beadvol": 520,
  "parallel": false,
  "ematrix_filename": "off",
  "diag_pseudobeads_on": true,
  "density_cap_on": true,
  "phi_solvent_max": 0.5,
  "phi_chromatin": 0.06,
  "compressibility_on": false,
  "kappa": 20,
  "smatrix_filename": "smatrix.txt",
  "smatrix_on": false,
  "seed": 75040,
  "production": true,
  "decay_length": 100,
  "nSweeps": 100000,
  "dump_frequency": 1000,
  "dump_stats_frequency": 100,
  "nEquilibSweeps": 1,
  "bonded_on": true,
  "nonbonded_on": true,
  "binding_on": false,
  "diagonal_on": true,
  "displacement_on": false,
  "translation_on": true,
  "crankshaft_on": true,
  "pivot_on": true,
  "rotate_on": false,
  "plaid_on": true,
  "AB_block": false,
  "domainsize": 800,
  "load_bead_types": true,
  "load_chipseq": true,
  "load_configuration": false,
  "prof_timer_on": false,
  "print_trans": false,
  "print_acceptance_rates": true,
  "contact_resolution": 1,
  "gridmove_on": true,
  "diag_chis": [4.40911971290448, 3.6334574295096624, 2.140401020122568, 2.099454795162168, 1.8645636649061117, 2.385093634891547, 1.920028989111526, 2.440335860303053, 2.410991790211383, 2.3186953625016073, 2.6411619032752465, 2.472102829222229, 2.8330394407350097, 2.8849290284477966, 2.9813545870511264, 2.906542866810044, 3.5176632795972953, 3.7851313590889597, 3.9103425874937345, 4.161255485826069, 4.503531540208533, 4.926430396130473, 5.216375886571211, 5.477542801100314, 5.900019972730144, 6.709507570575823, 8.505921496149146, 8.345174166187723, 10.348218667790382, 12.057879239228647, 15.633685623649262, 16.357918637462426],
  "grid_size": 28.7,
  "track_contactmap": false,
  "diagonal_linear": true,
  "visit_tracking": false,
  "dump_density": false,
  "update_contacts_distance": false,
  "boundary_attract_on": false,
  "boundary_chi": 0,
  "nbeads": 1024,
  "nspecies": 5,
  "load_configuration_filename": "equilibrated.xyz",
  "bead_type_files": ["pcf1.txt", "pcf2.txt", "pcf3.txt", "pcf4.txt", "pcf5.txt"],
  "chipseq_files": ["pcf1.txt", "pcf2.txt"],
  "chis": [
    [-2.2016058624117725, 0.8377233502364985, 0.4141708083113082, -1.2861135909168373, 0.6221226505994839],
    [0.8377233502364985, -3.7437837427589775, 0.9999598043197672, -0.692278196615929, 2.688297862486976],
    [0.4141708083113082, 0.9999598043197672, -2.7361874065322, -1.3592429643414317, 2.369848050249353],
    [-1.2861135909168373, -0.692278196615929, -1.3592429643414317, -2.7563387261032037, -1.190399027567046],
    [0.6221226505994839, 2.688297862486976, 2.369848050249353, -1.190399027567046, -0.2621066250789756]
  ]
}