{
  "angles_on": true,
  "k_angle": 0,
  "dmatrix_on": true,
  "emmatrix_on": true,
  "dense_diagonal_cutoff": 0.0625,
  "dense_diagonal_loading": 0.5,
  "diag_start": 0,
  "diag_cutoff": 1024,
  "constant_chi": 0,
  "constant_chi_on": false,
  "contact_bead_skipping": false,
  "boundary_type": "sphere",
  "bond_type": "gaussian",
  "bond_length": 30,
  "cell_volumes": false,
  "dense_diagonal_on": true,
  "beadvol": 520,
  "parallel": false,
  "ematrix_on": false,
  "ematrix_filename": "off",
  "diag_pseudobeads_on": true,
  "density_cap_on": true,
  "phi_solvent_max": 0.5,
  "phi_chromatin": 0.06,
  "compressibility_on": false,
  "kappa": 20,
  "smatrix_filename": "smatrix.txt",
  "smatrix_on": false,
  "seed": 3983,
  "decay_length": 100,
  "nSweeps": 50000,
  "dump_frequency": 100000,
  "dump_stats_frequency": 100,
  "nEquilibSweeps": 1,
  "bonded_on": true,
  "nonbonded_on": true,
  "binding_on": false,
  "diagonal_on": true,
  "displacement_on": false,
  "translation_on": true,
  "crankshaft_on": true,
  "pivot_on": true,
  "rotate_on": false,
  "plaid_on": true,
  "AB_block": false,
  "domainsize": 800,
  "load_bead_types": true,
  "load_chipseq": true,
  "load_configuration": true,
  "profiling_on": false,
  "print_trans": false,
  "print_acceptance_rates": true,
  "contact_resolution": 1,
  "gridmove_on": true,
  "diag_chis": [3.049454878406339, 2.0407478382784308, 0.9159108253447957, 0.8534421031834718, 0.9052492440561797, 1.2933959382188405, 0.9229850938852501, 1.3376452075797225, 1.559682978253376, 1.4166453260075607, 1.6096760514670134, 1.6023523220998999, 1.7813223881349856, 1.896248117983173, 1.8844027824614218, 1.9624335186106996, 2.414766734519945, 2.6420542285372854, 2.864497682852736, 3.2283649405747763, 3.5771999323635266, 3.9664328781134492, 3.8648617503486435, 4.967347171988342, 5.2541843784608275, 5.310325747637977, 6.473326685841727, 7.218853017469193, 8.180377382410384, 8.203028150535637, 9.612819187115013, 11.130569022892715],
  "grid_size": 28.7,
  "track_contactmap": false,
  "diagonal_linear": true,
  "visit_tracking": false,
  "dump_density": false,
  "update_contacts_distance": false,
  "boundary_attract_on": false,
  "boundary_chi": 0,
  "nbeads": 1024,
  "nspecies": 6,
  "load_configuration_filename": "equilibrated.xyz",
  "bead_type_files": ["pcf1.txt", "pcf2.txt", "pcf3.txt", "pcf4.txt", "pcf5.txt", "pcf6.txt"],
  "chis": [
    [0.039517893127543155, -0.11592271420020622, -0.239322974609781, -0.37935161297501546, -0.46072309602522604, -0.9435512127797772],
    [-0.11592271420020622, -0.433377186283044, 0.1765904367610492, 0.4861192926489064, -0.03262811376098107, 0.8635193863983738],
    [-0.239322974609781, 0.1765904367610492, -0.27070385336085895, 0.08850278823034465, 0.22445359722548297, 0.16224122631950252],
    [-0.37935161297501546, 0.4861192926489064, 0.08850278823034465, -0.4973467886310009, 0.20884506630772842, 0.2801170875363814],
    [-0.46072309602522604, -0.03262811376098107, 0.22445359722548297, 0.20884506630772842, -0.20944911944653627, 0.09405422321358499],
    [-0.9435512127797772, 0.8635193863983738, 0.16224122631950252, 0.2801170875363814, 0.09405422321358499, -0.5450726331465809]
  ]
}