{
	"ematrix_on": false,
	"ematrix_filename": "off",
    "diag_pseudobeads_on": true,
    "density_cap_on": false,
    "phi_solvent_max": 0.5,
    "phi_chromatin": 0.06966,
    "compressibility_on": false,
    "kappa": 20,
    "smatrix_filename": "smatrix.txt",
    "smatrix_on": false,
    "seed": 1,
    "production": true,
    "decay_length": 100,
    "nSweeps": 50000,
    "dump_frequency": 10000,
    "dump_stats_frequency": 100,
    "nEquilibSweeps": 1,
    "bonded_on": true,
    "nonbonded_on": true,
    "binding_on": false,
    "diagonal_on": true,
    "displacement_on": false,
    "translation_on": true,
    "crankshaft_on": true,
    "pivot_on": true,
    "rotate_on": true,
    "plaid_on": true,
    "AB_block": false,
    "domainsize": 800,
    "load_bead_types": true,
    "load_chipseq": true,
    "load_configuration": true,
    "prof_timer_on": false,
    "print_trans": false,
    "print_acceptance_rates": true,
    "contact_resolution": 1,
    "gridmove_on": true,
    "diag_chis": [
        0.0,
        0.06451612903225806,
        0.12903225806451613,
        0.1935483870967742,
        0.25806451612903225,
        0.3225806451612903,
        0.3870967741935484,
        0.45161290322580644,
        0.5161290322580645,
        0.5806451612903225,
        0.6451612903225806,
        0.7096774193548387,
        0.7741935483870968,
        0.8387096774193548,
        0.9032258064516129,
        0.967741935483871,
        1.032258064516129,
        1.096774193548387,
        1.161290322580645,
        1.2258064516129032,
        1.2903225806451613,
        1.3548387096774193,
        1.4193548387096775,
        1.4838709677419355,
        1.5483870967741935,
        1.6129032258064515,
        1.6774193548387095,
        1.7419354838709677,
        1.8064516129032258,
        1.8709677419354838,
        1.935483870967742,
        2.0
    ],
    "grid_size": 28.7,
    "track_contactmap": false,
    "diagonal_linear": true,
    "visit_tracking": false,
    "dump_density": false,
    "update_contacts_distance": false,
    "boundary_attract_on": false,
    "boundary_chi": 0,
    "chiAA": -1,
    "chiAB": 1,
    "chiAC": 0,
    "chiAD": 0,
	"chiAE": 0,
    "chiBA": 0,
    "chiBB": -1,
    "chiBC": 0,
    "chiBD": 0,
    "chiBE": 0,
    "chiCA": 0,
    "chiCB": 0,
    "chiCC": 0,
    "chiCD": 0,
    "chiCE": 0,
    "chiDA": 0,
    "chiDB": 0,
    "chiDC": 0,
    "chiDD": 0,
    "chiDE": 0,
    "chiEE": 0,
    "nbeads": 1024,
    "nspecies": 2,
    "load_configuration_filename": "input1024.xyz",
    "bead_type_files": [
        "pcf1.txt",
		"pcf2.txt"
    ],
    "chipseq_files": [
        "pcf1.txt",
		"pcf2.txt"
    ]
}
