{
  "angles_on": true,
  "k_angle": 0,
  "dmatrix_on": true,
  "emmatrix_on": true,
  "dense_diagonal_cutoff": 0.0625,
  "dense_diagonal_loading": 0.5,
  "diag_start": 0,
  "diag_cutoff": 1024,
  "constant_chi": 0,
  "constant_chi_on": false,
  "contact_bead_skipping": false,
  "boundary_type": "sphere",
  "bond_type": "gaussian",
  "bond_length": 30,
  "cell_volumes": false,
  "dense_diagonal_on": true,
  "beadvol": 520,
  "parallel": false,
  "ematrix_on": false,
  "ematrix_filename": "off",
  "diag_pseudobeads_on": true,
  "density_cap_on": true,
  "phi_solvent_max": 0.5,
  "phi_chromatin": 0.06,
  "compressibility_on": false,
  "kappa": 20,
  "smatrix_filename": "smatrix.txt",
  "smatrix_on": false,
  "seed": 84384,
  "decay_length": 100,
  "nSweeps": 400000,
  "dump_frequency": 100000,
  "dump_stats_frequency": 100,
  "nEquilibSweeps": 1,
  "bonded_on": true,
  "nonbonded_on": true,
  "binding_on": false,
  "diagonal_on": true,
  "displacement_on": false,
  "translation_on": true,
  "crankshaft_on": true,
  "pivot_on": true,
  "rotate_on": false,
  "plaid_on": true,
  "AB_block": false,
  "domainsize": 800,
  "load_bead_types": true,
  "load_chipseq": true,
  "load_configuration": true,
  "profiling_on": false,
  "print_trans": false,
  "print_acceptance_rates": true,
  "contact_resolution": 1,
  "gridmove_on": true,
  "diag_chis": [3.008665631491092, 2.0831590709850323, 0.8951127440684198, 0.845932918476377, 0.8759966214351371, 1.2564597016620187, 0.9671159420333821, 1.3359947708109623, 1.5276228765443784, 1.4103767512032777, 1.5964414464452379, 1.5632391086039608, 1.8612556304497008, 1.8316786861420378, 1.880298972939622, 1.9252909724396006, 2.4131795335683535, 2.6406592083530276, 2.8921374392468193, 3.182105746109299, 3.6252182579564494, 3.981781228107206, 3.989669913440948, 4.912041748665113, 5.264086898339714, 5.276061872840011, 6.742766565827859, 7.232222106492313, 8.474814218427985, 8.855806752628817, 10.297831248282284, 12.235784880448433],
  "grid_size": 28.7,
  "track_contactmap": false,
  "diagonal_linear": true,
  "visit_tracking": false,
  "dump_density": false,
  "update_contacts_distance": false,
  "boundary_attract_on": false,
  "boundary_chi": 0,
  "nbeads": 1024,
  "nspecies": 6,
  "load_configuration_filename": "equilibrated.xyz",
  "bead_type_files": ["pcf1.txt", "pcf2.txt", "pcf3.txt", "pcf4.txt", "pcf5.txt", "pcf6.txt"],
  "chis": [
    [0.013445787660609693, -0.08269894815351704, -0.22499737926907853, -0.36395118968748963, -0.4274803229661381, -0.9767350899308171],
    [-0.08269894815351704, -0.4571991281538726, 0.1968292610840961, 0.4813501071900568, -0.022878958625182938, 0.9134023101824769],
    [-0.22499737926907853, 0.1968292610840961, -0.2796616317925411, 0.08180762421674756, 0.2018825309697648, 0.15960961290473552],
    [-0.36395118968748963, 0.4813501071900568, 0.08180762421674756, -0.481111745689134, 0.13066057183985985, 0.27416760589889605],
    [-0.4274803229661381, -0.022878958625182938, 0.2018825309697648, 0.13066057183985985, -0.19508366347283035, 0.06598430658870445],
    [-0.9767350899308171, 0.9134023101824769, 0.15960961290473552, 0.27416760589889605, 0.06598430658870445, -0.5551094876952102]
  ]
}