{
  "angles_on": true,
  "k_angle": 0,
  "dmatrix_on": true,
  "emmatrix_on": true,
  "dense_diagonal_cutoff": 0.0625,
  "dense_diagonal_loading": 0.5,
  "diag_start": 0,
  "diag_cutoff": 1024,
  "constant_chi": 0,
  "constant_chi_on": false,
  "contact_bead_skipping": false,
  "boundary_type": "sphere",
  "bond_type": "gaussian",
  "bond_length": 30,
  "cell_volumes": false,
  "dense_diagonal_on": true,
  "beadvol": 520,
  "parallel": false,
  "ematrix_on": false,
  "ematrix_filename": "off",
  "diag_pseudobeads_on": true,
  "density_cap_on": true,
  "phi_solvent_max": 0.5,
  "phi_chromatin": 0.06,
  "compressibility_on": false,
  "kappa": 20,
  "smatrix_filename": "smatrix.txt",
  "smatrix_on": false,
  "seed": 87788,
  "decay_length": 100,
  "nSweeps": 400000,
  "dump_frequency": 100000,
  "dump_stats_frequency": 100,
  "nEquilibSweeps": 1,
  "bonded_on": true,
  "nonbonded_on": true,
  "binding_on": false,
  "diagonal_on": true,
  "displacement_on": false,
  "translation_on": true,
  "crankshaft_on": true,
  "pivot_on": true,
  "rotate_on": false,
  "plaid_on": true,
  "AB_block": false,
  "domainsize": 800,
  "load_bead_types": true,
  "load_chipseq": true,
  "load_configuration": true,
  "profiling_on": false,
  "print_trans": false,
  "print_acceptance_rates": true,
  "contact_resolution": 1,
  "gridmove_on": true,
  "diag_chis": [3.0029577668412926, 2.0627809428119566, 0.9010401363736222, 0.8574105909543294, 0.8858584151925781, 1.2356540580659696, 0.9658827557098036, 1.340574127297424, 1.4985055912906522, 1.429692673491063, 1.59074821119986, 1.5638498164280341, 1.8714115808766258, 1.8832792532562654, 1.8919867216142203, 1.9313190247590701, 2.4121066273639604, 2.6480258202662785, 2.901025040987597, 3.1682708228788607, 3.6326010892313425, 3.9825035129867903, 3.9491668161656532, 4.917821193371594, 5.194194089460436, 5.301822961639102, 6.761947971536129, 7.309276218676865, 8.450261478846468, 8.803187147290064, 10.21301123026225, 12.25758222555615],
  "grid_size": 28.7,
  "track_contactmap": false,
  "diagonal_linear": true,
  "visit_tracking": false,
  "dump_density": false,
  "update_contacts_distance": false,
  "boundary_attract_on": false,
  "boundary_chi": 0,
  "nbeads": 1024,
  "nspecies": 6,
  "load_configuration_filename": "equilibrated.xyz",
  "bead_type_files": ["pcf1.txt", "pcf2.txt", "pcf3.txt", "pcf4.txt", "pcf5.txt", "pcf6.txt"],
  "chis": [
    [0.020995697365991772, -0.07847013930796283, -0.24148915649162675, -0.3639791124387265, -0.42705056161239413, -0.9844284016782066],
    [-0.07847013930796283, -0.462643694705558, 0.19822997912046028, 0.4733857339191314, -0.023423083425616997, 0.8954725392365129],
    [-0.24148915649162675, 0.19822997912046028, -0.2760019960842643, 0.09136423994771764, 0.20883188646255066, 0.15491537943866437],
    [-0.3639791124387265, 0.4733857339191314, 0.09136423994771764, -0.48071845533709157, 0.1426022269211366, 0.2761694214653561],
    [-0.42705056161239413, -0.023423083425616997, 0.20883188646255066, 0.1426022269211366, -0.20119710069228294, 0.09603932255677451],
    [-0.9844284016782066, 0.8954725392365129, 0.15491537943866437, 0.2761694214653561, 0.09603932255677451, -0.5543916221921833]
  ]
}