{
  "angles_on": true,
  "k_angle": 0,
  "dmatrix_on": true,
  "emmatrix_on": true,
  "dense_diagonal_cutoff": 0.0625,
  "dense_diagonal_loading": 0.5,
  "diag_start": 0,
  "diag_cutoff": 1024,
  "constant_chi": 0,
  "constant_chi_on": false,
  "contact_bead_skipping": false,
  "boundary_type": "sphere",
  "bond_type": "gaussian",
  "bond_length": 30,
  "cell_volumes": false,
  "dense_diagonal_on": true,
  "beadvol": 520,
  "parallel": false,
  "ematrix_on": false,
  "ematrix_filename": "off",
  "diag_pseudobeads_on": true,
  "density_cap_on": true,
  "phi_solvent_max": 0.5,
  "phi_chromatin": 0.06,
  "compressibility_on": false,
  "kappa": 20,
  "smatrix_filename": "smatrix.txt",
  "smatrix_on": false,
  "seed": 6479,
  "decay_length": 100,
  "nSweeps": 50000,
  "dump_frequency": 100000,
  "dump_stats_frequency": 100,
  "nEquilibSweeps": 1,
  "bonded_on": true,
  "nonbonded_on": true,
  "binding_on": false,
  "diagonal_on": true,
  "displacement_on": false,
  "translation_on": true,
  "crankshaft_on": true,
  "pivot_on": true,
  "rotate_on": false,
  "plaid_on": true,
  "AB_block": false,
  "domainsize": 800,
  "load_bead_types": true,
  "load_chipseq": true,
  "load_configuration": true,
  "profiling_on": false,
  "print_trans": false,
  "print_acceptance_rates": true,
  "contact_resolution": 1,
  "gridmove_on": true,
  "diag_chis": [3.0718527658264803, 2.0704933385201665, 0.6924568554724503, 0.7868098018389853, 0.8192897027028796, 1.185038217492585, 0.9864412437490642, 1.1420185040545996, 1.5250729147660644, 1.4204438002685984, 1.5651862381802961, 1.320969813549647, 1.7246234847716009, 1.7023431702233642, 1.8489980968803563, 1.7191425009699706, 2.3500657288592546, 2.53487580185628, 2.8120857123344427, 3.0329426270711637, 3.5058500824701855, 3.732616919446847, 3.7944761661706874, 4.695461835426932, 4.82869579578835, 5.024549658479685, 6.003757852758169, 6.177768216586273, 7.0438764651721595, 6.963646473394433, 7.434681912371873, 9.22324029921322],
  "grid_size": 28.7,
  "track_contactmap": false,
  "diagonal_linear": true,
  "visit_tracking": false,
  "dump_density": false,
  "update_contacts_distance": false,
  "boundary_attract_on": false,
  "boundary_chi": 0,
  "nbeads": 1024,
  "nspecies": 6,
  "load_configuration_filename": "equilibrated.xyz",
  "bead_type_files": ["pcf1.txt", "pcf2.txt", "pcf3.txt", "pcf4.txt", "pcf5.txt", "pcf6.txt"],
  "chis": [
    [-0.024127853734079704, -0.07441630289660578, -0.3006190714111251, -0.35463111204820735, -0.3995317924546242, -1.013265647651376],
    [-0.07441630289660578, -0.44422377624966747, 0.16083505479392585, 0.42117382098239886, -0.04104957806183834, 0.8258770935180098],
    [-0.3006190714111251, 0.16083505479392585, -0.25290338985461513, 0.15321021947149568, 0.2379490575621846, 0.2139585285826832],
    [-0.35463111204820735, 0.42117382098239886, 0.15321021947149568, -0.4405139964137062, 0.14286291057228784, 0.3146818032197403],
    [-0.3995317924546242, -0.04104957806183834, 0.2379490575621846, 0.14286291057228784, -0.17196023071843988, 0.11980332294441161],
    [-1.013265647651376, 0.8258770935180098, 0.2139585285826832, 0.3146818032197403, 0.11980332294441161, -0.5077354464717971]
  ]
}