{
  "angles_on": true,
  "k_angle": 0,
  "dmatrix_on": true,
  "emmatrix_on": true,
  "dense_diagonal_cutoff": 0.0625,
  "dense_diagonal_loading": 0.5,
  "diag_start": 0,
  "diag_cutoff": 1024,
  "constant_chi": 0,
  "constant_chi_on": false,
  "contact_bead_skipping": false,
  "boundary_type": "sphere",
  "bond_type": "gaussian",
  "bond_length": 30,
  "cell_volumes": false,
  "dense_diagonal_on": true,
  "beadvol": 520,
  "parallel": false,
  "ematrix_on": false,
  "ematrix_filename": "off",
  "diag_pseudobeads_on": true,
  "density_cap_on": true,
  "phi_solvent_max": 0.5,
  "phi_chromatin": 0.06,
  "compressibility_on": false,
  "kappa": 20,
  "smatrix_filename": "smatrix.txt",
  "smatrix_on": false,
  "seed": 56616,
  "decay_length": 100,
  "nSweeps": 400000,
  "dump_frequency": 100000,
  "dump_stats_frequency": 100,
  "nEquilibSweeps": 1,
  "bonded_on": true,
  "nonbonded_on": true,
  "binding_on": false,
  "diagonal_on": true,
  "displacement_on": false,
  "translation_on": true,
  "crankshaft_on": true,
  "pivot_on": true,
  "rotate_on": false,
  "plaid_on": true,
  "AB_block": false,
  "domainsize": 800,
  "load_bead_types": true,
  "load_chipseq": true,
  "load_configuration": true,
  "profiling_on": false,
  "print_trans": false,
  "print_acceptance_rates": true,
  "contact_resolution": 1,
  "gridmove_on": true,
  "diag_chis": [3.016553056894476, 2.0805213767776634, 0.900572706744276, 0.852542867051931, 0.8515652137142604, 1.265813703803562, 0.9403124609426013, 1.346092637614344, 1.484405651656604, 1.4592402137451346, 1.5833619332747497, 1.6316358688911774, 1.8410719286253368, 1.8468529747094178, 1.876620051697964, 1.8888139031897673, 2.417175969484193, 2.6400274042198335, 2.8896970047151673, 3.172889182114039, 3.640751733602418, 3.9879485562432904, 3.963033232074858, 4.932395600443324, 5.225149107201813, 5.34036277492877, 6.71863361395868, 7.280701019833196, 8.474039261903501, 8.80987255127514, 10.2303607539724, 11.837899765398808],
  "grid_size": 28.7,
  "track_contactmap": false,
  "diagonal_linear": true,
  "visit_tracking": false,
  "dump_density": false,
  "update_contacts_distance": false,
  "boundary_attract_on": false,
  "boundary_chi": 0,
  "nbeads": 1024,
  "nspecies": 6,
  "load_configuration_filename": "equilibrated.xyz",
  "bead_type_files": ["pcf1.txt", "pcf2.txt", "pcf3.txt", "pcf4.txt", "pcf5.txt", "pcf6.txt"],
  "chis": [
    [0.018914799253859776, -0.08557105304634824, -0.24448952282498349, -0.3747602745278069, -0.4210845442366477, -0.9960192574942222],
    [-0.08557105304634824, -0.45331399037409764, 0.19998786925054118, 0.4861154408781771, -0.03188152285298529, 0.9009355641232338],
    [-0.24448952282498349, 0.19998786925054118, -0.28202038082342357, 0.09343335340746033, 0.21285057480345299, 0.14705803076617074],
    [-0.3747602745278069, 0.4861154408781771, 0.09343335340746033, -0.48145846670978476, 0.13824968579160088, 0.2840979188943705],
    [-0.4210845442366477, -0.03188152285298529, 0.21285057480345299, 0.13824968579160088, -0.20038326974917145, 0.09353166456369241],
    [-0.9960192574942222, 0.9009355641232338, 0.14705803076617074, 0.2840979188943705, 0.09353166456369241, -0.5512428704860495]
  ]
}