{
  "angles_on": true,
  "k_angle": 0,
  "dmatrix_on": true,
  "emmatrix_on": true,
  "dense_diagonal_cutoff": 0.0625,
  "dense_diagonal_loading": 0.5,
  "diag_start": 0,
  "diag_cutoff": 1024,
  "constant_chi": 0,
  "constant_chi_on": false,
  "contact_bead_skipping": false,
  "boundary_type": "sphere",
  "bond_type": "gaussian",
  "bond_length": 30,
  "cell_volumes": false,
  "dense_diagonal_on": true,
  "beadvol": 520,
  "parallel": false,
  "ematrix_on": false,
  "ematrix_filename": "off",
  "diag_pseudobeads_on": true,
  "density_cap_on": true,
  "phi_solvent_max": 0.5,
  "phi_chromatin": 0.06,
  "compressibility_on": false,
  "kappa": 20,
  "smatrix_filename": "smatrix.txt",
  "smatrix_on": false,
  "seed": 92326,
  "decay_length": 100,
  "nSweeps": 400000,
  "dump_frequency": 100000,
  "dump_stats_frequency": 100,
  "nEquilibSweeps": 1,
  "bonded_on": true,
  "nonbonded_on": true,
  "binding_on": false,
  "diagonal_on": true,
  "displacement_on": false,
  "translation_on": true,
  "crankshaft_on": true,
  "pivot_on": true,
  "rotate_on": false,
  "plaid_on": true,
  "AB_block": false,
  "domainsize": 800,
  "load_bead_types": true,
  "load_chipseq": true,
  "load_configuration": true,
  "profiling_on": false,
  "print_trans": false,
  "print_acceptance_rates": true,
  "contact_resolution": 1,
  "gridmove_on": true,
  "diag_chis": [3.0105353543563855, 2.086090540214344, 0.8798877884451296, 0.8776931889936798, 0.8428078042416426, 1.2512582953096802, 0.9548668975629112, 1.3666895539915902, 1.4574995932963826, 1.4054390806063746, 1.6115548506041604, 1.5951421551922476, 1.8543229645340067, 1.872884071824196, 1.8553799478362074, 1.963711420611234, 2.4249413943199256, 2.6498529264606607, 2.908548673903779, 3.175185833038896, 3.6164208156866224, 3.9795469670866526, 3.966907031303534, 4.867037040733338, 5.238901242879047, 5.323726221249423, 6.735239402988864, 7.344351332900589, 8.614608364528872, 8.882459376702652, 10.442850095759932, 11.89899939312128],
  "grid_size": 28.7,
  "track_contactmap": false,
  "diagonal_linear": true,
  "visit_tracking": false,
  "dump_density": false,
  "update_contacts_distance": false,
  "boundary_attract_on": false,
  "boundary_chi": 0,
  "nbeads": 1024,
  "nspecies": 6,
  "load_configuration_filename": "equilibrated.xyz",
  "bead_type_files": ["pcf1.txt", "pcf2.txt", "pcf3.txt", "pcf4.txt", "pcf5.txt", "pcf6.txt"],
  "chis": [
    [-0.015038398252068937, -0.05806136880403638, -0.2240163134117843, -0.3559278918883505, -0.4097634695632163, -0.9833002687923689],
    [-0.05806136880403638, -0.44706093298843264, 0.19635343381168693, 0.4780127954110909, -0.06567471101299613, 0.9142027810418062],
    [-0.2240163134117843, 0.19635343381168693, -0.27589963160208714, 0.0844357296044132, 0.20086652480914363, 0.15579789286338744],
    [-0.3559278918883505, 0.4780127954110909, 0.0844357296044132, -0.48738443526202957, 0.139005549392725, 0.2712315700294271],
    [-0.4097634695632163, -0.06567471101299613, 0.20086652480914363, 0.139005549392725, -0.18314580479386822, 0.06990243301694336],
    [-0.9833002687923689, 0.9142027810418062, 0.15579789286338744, 0.2712315700294271, 0.06990243301694336, -0.556978842125091]
  ]
}