{
  "seed": 1,
  "production": true,
  "decay_length": 100,
  "nSweeps": 50000,
  "dump_frequency": 5000,
  "dump_stats_frequency": 100,
  "nEquilibSweeps": 1,
  "bonded_on": true,
  "nonbonded_on": true,
  "binding_on": false,
  "displacement_on": false,
  "translation_on": true,
  "crankshaft_on": true,
  "pivot_on": true,
  "rotate_on": true,
  "plaid_on": true,
  "AB_block": false,
  "domainsize": 800,
  "load_chipseq": true,
  "load_configuration": true,
  "prof_timer_on": false,
  "print_trans": false,
  "print_acceptance_rates": true,
  "contact_resolution": 1,
  "gridmove_on": true,
  "grid_size": 28.7,
  "track_contactmap": false,
  "diagonal_linear": true,
  "visit_tracking": false,
  "dump_density": false,
  "update_contacts_distance": false,
  "boundary_attract_on": false,
  "boundary_chi": 0,
  "smatrix_filename": "none",
  "smatrix_on": false,
  "phi_solvent_max": 0.5,
  "phi_chromatin": 0.06966,
  "kappa": 0,
  "density_cap_on": true,
  "compressibility_on": false,
  "diagonal_on": false,
  "diag_chis": [
    0.0,
    0.02631578947368421,
    0.05263157894736842,
    0.07894736842105263,
    0.10526315789473684,
    0.13157894736842105,
    0.15789473684210525,
    0.18421052631578946,
    0.21052631578947367,
    0.23684210526315788,
    0.2631578947368421,
    0.2894736842105263,
    0.3157894736842105,
    0.3421052631578947,
    0.3684210526315789,
    0.39473684210526316,
    0.42105263157894735,
    0.4473684210526315,
    0.47368421052631576,
    0.5
  ],
  "chiAA": -1.0,
  "chiAB": 1.0,
  "chiAC": 0.0,
  "chiAD": 0.0,
  "chiBA": 1.0,
  "chiBB": -2.0,
  "chiBC": 0.0,
  "chiBD": -1.0,
  "chiCA": 0.0,
  "chiCB": 0.0,
  "chiCC": -1.0,
  "chiCD": 2.0,
  "chiDA": 0.0,
  "chiDB": -1.0,
  "chiDC": 2.0,
  "chiDD": -1.0,
  "nbeads": 1024,
  "nspecies": 4,
  "load_configuration_filename": "input1024.xyz",
  "chipseq_files": [
    "seq0.txt",
    "seq1.txt",
    "seq2.txt",
    "seq3.txt"
  ]
}