{
  "seed": 1,
  "production": true,
  "decay_length": 100,
  "nSweeps": 500000,
  "dump_frequency": 50000,
  "dump_stats_frequency": 100,
  "nEquilibSweeps": 1,
  "bonded_on": true,
  "nonbonded_on": true,
  "binding_on": false,
  "displacement_on": false,
  "translation_on": true,
  "crankshaft_on": true,
  "pivot_on": true,
  "rotate_on": true,
  "plaid_on": true,
  "AB_block": false,
  "domainsize": 800,
  "load_chipseq": true,
  "load_configuration": true,
  "prof_timer_on": false,
  "print_trans": false,
  "print_acceptance_rates": true,
  "contact_resolution": 1,
  "gridmove_on": true,
  "grid_size": 28.7,
  "track_contactmap": false,
  "diagonal_linear": true,
  "visit_tracking": false,
  "dump_density": false,
  "update_contacts_distance": false,
  "boundary_attract_on": false,
  "boundary_chi": 0,
  "smatrix_filename": "none",
  "smatrix_on": false,
  "phi_solvent_max": 0.5,
  "phi_chromatin": 0.06966,
  "kappa": 0,
  "density_cap_on": true,
  "compressibility_on": false,
  "diagonal_on": false,
  "diag_chis": [
    0.0,
    0.010526315789473684,
    0.021052631578947368,
    0.031578947368421054,
    0.042105263157894736,
    0.05263157894736842,
    0.06315789473684211,
    0.07368421052631578,
    0.08421052631578947,
    0.09473684210526316,
    0.10526315789473684,
    0.11578947368421053,
    0.12631578947368421,
    0.1368421052631579,
    0.14736842105263157,
    0.15789473684210525,
    0.16842105263157894,
    0.17894736842105263,
    0.18947368421052632,
    0.2
  ],
  "chiAA": -1.0,
  "chiAB": 1.0,
  "chiAC": 0.0,
  "chiAD": 0.0,
  "chiBA": 0.0,
  "chiBB": -2.0,
  "chiBC": 0.0,
  "chiBD": -1.0,
  "chiCA": 0.0,
  "chiCB": 0.0,
  "chiCC": -1.0,
  "chiCD": 2.0,
  "chiDA": 0.0,
  "chiDB": 0.0,
  "chiDC": 0.0,
  "chiDD": -1.0,
  "nbeads": 1024,
  "chipseq_files": [
    "seq0.txt",
    "seq1.txt",
    "seq2.txt",
    "seq3.txt"
  ],
  "nspecies": 4,
  "load_configuration_filename": "input1024.xyz"
}