{
  "angles_on": true,
  "k_angle": 0,
  "dmatrix_on": true,
  "emmatrix_on": true,
  "dense_diagonal_cutoff": 0.0625,
  "dense_diagonal_loading": 0.5,
  "diag_start": 0,
  "diag_cutoff": 1024,
  "constant_chi": 0,
  "constant_chi_on": false,
  "contact_bead_skipping": false,
  "boundary_type": "sphere",
  "bond_type": "gaussian",
  "bond_length": 30,
  "cell_volumes": false,
  "dense_diagonal_on": true,
  "beadvol": 520,
  "parallel": false,
  "ematrix_on": false,
  "ematrix_filename": "off",
  "diag_pseudobeads_on": true,
  "density_cap_on": true,
  "phi_solvent_max": 0.5,
  "phi_chromatin": 0.06,
  "compressibility_on": false,
  "kappa": 20,
  "smatrix_filename": "smatrix.txt",
  "smatrix_on": false,
  "seed": 46286,
  "decay_length": 100,
  "nSweeps": 10000,
  "dump_frequency": 100000,
  "dump_stats_frequency": 100,
  "nEquilibSweeps": 1,
  "bonded_on": true,
  "nonbonded_on": true,
  "binding_on": false,
  "diagonal_on": true,
  "displacement_on": false,
  "translation_on": true,
  "crankshaft_on": true,
  "pivot_on": true,
  "rotate_on": false,
  "plaid_on": true,
  "AB_block": false,
  "domainsize": 800,
  "load_bead_types": true,
  "load_chipseq": true,
  "load_configuration": false,
  "profiling_on": false,
  "print_trans": false,
  "print_acceptance_rates": true,
  "contact_resolution": 1,
  "gridmove_on": true,
  "diag_chis": [3.014002471565056, 2.113200646365713, 0.8848538944151204, 0.8648938655025001, 0.8646261668853362, 1.2340735110829193, 0.9876507691552744, 1.3688940460350614, 1.4630865114213611, 1.433256218434621, 1.5972312275714113, 1.6086500364789036, 1.8262065265287568, 1.8855644543464, 1.8804255785417454, 1.896763435243536, 2.429442306098791, 2.633698637619646, 2.8952645392620906, 3.1658526440082975, 3.6122154887634066, 3.996100605548545, 3.9534611477030643, 4.92950914706503, 5.218196193582666, 5.332637160374235, 6.8172553960689335, 7.26830637663181, 8.545529816078409, 8.848442261931401, 10.284191685329594, 11.729128065031757],
  "grid_size": 28.7,
  "track_contactmap": false,
  "diagonal_linear": true,
  "visit_tracking": false,
  "dump_density": false,
  "update_contacts_distance": false,
  "boundary_attract_on": false,
  "boundary_chi": 0,
  "nbeads": 1024,
  "nspecies": 6,
  "load_configuration_filename": "equilibrated.xyz",
  "bead_type_files": ["pcf1.txt", "pcf2.txt", "pcf3.txt", "pcf4.txt", "pcf5.txt", "pcf6.txt"],
  "chis": [
    [-0.022433298452209698, -0.07109165835441113, -0.24854159623975952, -0.35248314682089527, -0.38828808056847525, -0.996570077908508],
    [-0.07109165835441113, -0.44359843567149904, 0.20358242644182334, 0.46431920635538904, -0.04805124191458677, 0.911796493647882],
    [-0.24854159623975952, 0.20358242644182334, -0.27898220202562013, 0.0855604443733553, 0.21581905285031106, 0.14952511403207897],
    [-0.35248314682089527, 0.46431920635538904, 0.0855604443733553, -0.4803581239989042, 0.14190434376785985, 0.28573861361702757],
    [-0.38828808056847525, -0.04805124191458677, 0.21581905285031106, 0.14190434376785985, -0.2070667685981871, 0.08534647646203293],
    [-0.996570077908508, 0.911796493647882, 0.14952511403207897, 0.28573861361702757, 0.08534647646203293, -0.5599006698892107]
  ]
}