{
  "angles_on": true,
  "k_angle": 0,
  "dmatrix_on": true,
  "emmatrix_on": true,
  "dense_diagonal_cutoff": 0.0625,
  "dense_diagonal_loading": 0.5,
  "diag_start": 0,
  "diag_cutoff": 1024,
  "constant_chi": 0,
  "constant_chi_on": false,
  "contact_bead_skipping": false,
  "boundary_type": "sphere",
  "bond_type": "gaussian",
  "bond_length": 30,
  "cell_volumes": false,
  "dense_diagonal_on": true,
  "beadvol": 520,
  "parallel": false,
  "ematrix_on": false,
  "ematrix_filename": "off",
  "diag_pseudobeads_on": true,
  "density_cap_on": true,
  "phi_solvent_max": 0.5,
  "phi_chromatin": 0.06,
  "compressibility_on": false,
  "kappa": 20,
  "smatrix_filename": "smatrix.txt",
  "smatrix_on": false,
  "seed": 20038,
  "decay_length": 100,
  "nSweeps": 50000,
  "dump_frequency": 100000,
  "dump_stats_frequency": 100,
  "nEquilibSweeps": 1,
  "bonded_on": true,
  "nonbonded_on": true,
  "binding_on": false,
  "diagonal_on": true,
  "displacement_on": false,
  "translation_on": true,
  "crankshaft_on": true,
  "pivot_on": true,
  "rotate_on": false,
  "plaid_on": true,
  "AB_block": false,
  "domainsize": 800,
  "load_bead_types": true,
  "load_chipseq": true,
  "load_configuration": true,
  "profiling_on": false,
  "print_trans": false,
  "print_acceptance_rates": true,
  "contact_resolution": 1,
  "gridmove_on": true,
  "diag_chis": [1.1851986261165228, 0.3932111475450143, -1.2035203409830624, -0.395353552891637, -1.1410806364900823, -0.2990375760701305, -1.550905690909761, -0.6402349094355675, -0.5252893987877926, -0.6836393733880011, -0.00996381920854783, -0.6941167002273183, -0.46098441164476855, 0.2701697009175482, 0.00698559583875441, -0.10011123780875053, 0.2636554185994132, 0.47393426846089637, 0.5670204200633067, 0.874260448270721, 0.7219750600751589, 0.9748943979086726, 1.0058431042794718, 0.9185017082276058, 1.0611873390112947, 0.9923301970220721, 1.3085326811163496, 1.1124201974879453, 1.2169674961141954, 1.1855145502577404, 1.3015534939838949, 1.9553762240558188],
  "grid_size": 28.7,
  "track_contactmap": false,
  "diagonal_linear": true,
  "visit_tracking": false,
  "dump_density": false,
  "update_contacts_distance": false,
  "boundary_attract_on": false,
  "boundary_chi": 0,
  "nbeads": 1024,
  "nspecies": 6,
  "load_configuration_filename": "equilibrated.xyz",
  "bead_type_files": ["pcf1.txt", "pcf2.txt", "pcf3.txt", "pcf4.txt", "pcf5.txt", "pcf6.txt"],
  "chis": [
    [-0.17798494250476216, 0.1389390247586053, 0.09756712883009255, -0.09140392355366433, -0.1319097607909363, -0.40335991978095365],
    [0.1389390247586053, -0.2583706623191985, -0.14052138694302888, 0.2492509455971904, -0.1822727800409587, 0.5722531628417705],
    [0.09756712883009255, -0.14052138694302888, -0.15416198995576158, 0.003277039371795021, 0.1688108124874073, 0.1832801479136716],
    [-0.09140392355366433, 0.2492509455971904, 0.003277039371795021, -0.2941204032108171, 0.05458588508472806, -0.2092969574865032],
    [-0.1319097607909363, -0.1822727800409587, 0.1688108124874073, 0.05458588508472806, -0.0303228910938822, 0.21348038700454985],
    [-0.40335991978095365, 0.5722531628417705, 0.1832801479136716, -0.2092969574865032, 0.21348038700454985, -0.3631185440905712]
  ]
}