{
  "iterations": 10,
  "gamma": 1,
  "trust_region": 1000,
  "equilib_sweeps": 10000,
  "production_sweeps": 400000,
  "goal_specified": 1,
  "overwrite": 0,
  "parallel": 7,
  "randomize_seed": 1,
  "mode": "all",
  "goals": [47.045486135833215, 32.32411261436928, 5.7982751866603675, 36.698272759536394, 39.83504887875433, -13.766145853267663, 48.800101136427195, -1.798631698101668, 17.451225396750708, 39.295890618464576, 7.400609667760272, 37.321705017938164, 10.16264589060862, 0.9632908003359616, -15.278537882887429, 49.43567585699574, 26.0266294076998, -29.45301502828319, 46.25663672786733, -2.102326844685386, 49.09020520309744, 58.86523409541584, 5.781157818922796, 3.6190195946923884, 2.7662051808083317, 2.278826361478313, 1.932551272074092, 1.7301748044304683, 1.5410069646673425, 1.400611703494688, 1.2997511463152709, 1.2039676974833917, 1.1222800684739216, 1.042654813686926, 0.9861581610833478, 0.9425996063986791, 0.9031409351170825, 10.629952520651111, 7.554348410118513, 5.429956844881635, 3.842977976236981, 2.5835657711690123, 1.7084043697910554, 1.3096441516409272, 0.7962407483254165, 0.5731295954413935, 0.4406144362208884, 0.2641230939193623, 0.1929930428795338, 0.11762257608512758, 0.08047143619596103, 0.04237167019863253, 0.014592359320591334]
}