{
  "angles_on": true,
  "k_angle": 0,
  "dmatrix_on": true,
  "emmatrix_on": true,
  "dense_diagonal_cutoff": 0.0625,
  "dense_diagonal_loading": 0.5,
  "diag_start": 0,
  "diag_cutoff": 1024,
  "constant_chi": 0,
  "constant_chi_on": false,
  "contact_bead_skipping": false,
  "boundary_type": "sphere",
  "bond_type": "gaussian",
  "bond_length": 30,
  "cell_volumes": false,
  "dense_diagonal_on": true,
  "beadvol": 520,
  "parallel": false,
  "ematrix_on": false,
  "ematrix_filename": "off",
  "diag_pseudobeads_on": true,
  "density_cap_on": true,
  "phi_solvent_max": 0.5,
  "phi_chromatin": 0.06,
  "compressibility_on": false,
  "kappa": 20,
  "smatrix_filename": "smatrix.txt",
  "smatrix_on": false,
  "seed": 86516,
  "decay_length": 100,
  "nSweeps": 400000,
  "dump_frequency": 100000,
  "dump_stats_frequency": 100,
  "nEquilibSweeps": 1,
  "bonded_on": true,
  "nonbonded_on": true,
  "binding_on": false,
  "diagonal_on": true,
  "displacement_on": false,
  "translation_on": true,
  "crankshaft_on": true,
  "pivot_on": true,
  "rotate_on": false,
  "plaid_on": true,
  "AB_block": false,
  "domainsize": 800,
  "load_bead_types": true,
  "load_chipseq": true,
  "load_configuration": true,
  "profiling_on": false,
  "print_trans": false,
  "print_acceptance_rates": true,
  "contact_resolution": 1,
  "gridmove_on": true,
  "diag_chis": [3.007447011116317, 2.0867749679152556, 0.9132711270298308, 0.8473455664539578, 0.8749206768188703, 1.2635861706623925, 0.9588712109488219, 1.3598876704798377, 1.5237744023146547, 1.4164382429388365, 1.5955484201036638, 1.613336411666426, 1.812529069716226, 1.8448199137077528, 1.926652759678129, 1.9294243723071445, 2.419308403475451, 2.6374881620060817, 2.904530119493121, 3.158533691304231, 3.625280572005116, 4.003743672520341, 3.969937832103686, 4.898420999330314, 5.230151156257437, 5.237615053817056, 6.771411192921553, 7.3221570950742985, 8.527696842264357, 8.865736707805247, 10.330795689580848, 11.964122966883638],
  "grid_size": 28.7,
  "track_contactmap": false,
  "diagonal_linear": true,
  "visit_tracking": false,
  "dump_density": false,
  "update_contacts_distance": false,
  "boundary_attract_on": false,
  "boundary_chi": 0,
  "nbeads": 1024,
  "nspecies": 6,
  "load_configuration_filename": "equilibrated.xyz",
  "bead_type_files": ["pcf1.txt", "pcf2.txt", "pcf3.txt", "pcf4.txt", "pcf5.txt", "pcf6.txt"],
  "chis": [
    [0.012230277025674766, -0.06370031795133405, -0.2398538674515547, -0.3680199287649506, -0.4376681712492587, -0.9810199343710132],
    [-0.06370031795133405, -0.46492097567021473, 0.20554213476880698, 0.4666271730024799, -0.018557626330189758, 0.9035614172055568],
    [-0.2398538674515547, 0.20554213476880698, -0.2789561028531243, 0.09773746623478051, 0.19837055121673064, 0.1604786486690822],
    [-0.3680199287649506, 0.4666271730024799, 0.09773746623478051, -0.4812220763575945, 0.14319422300084073, 0.2903822704009531],
    [-0.4376681712492587, -0.018557626330189758, 0.19837055121673064, 0.14319422300084073, -0.19274489933197186, 0.07357183392997735],
    [-0.9810199343710132, 0.9035614172055568, 0.1604786486690822, 0.2903822704009531, 0.07357183392997735, -0.5472310896535435]
  ]
}