{
  "angles_on": true,
  "k_angle": 0,
  "dmatrix_on": true,
  "emmatrix_on": true,
  "dense_diagonal_cutoff": 0.0625,
  "dense_diagonal_loading": 0.5,
  "diag_start": 0,
  "diag_cutoff": 1024,
  "constant_chi": 0,
  "constant_chi_on": false,
  "contact_bead_skipping": false,
  "boundary_type": "sphere",
  "bond_type": "gaussian",
  "bond_length": 30,
  "cell_volumes": false,
  "dense_diagonal_on": true,
  "beadvol": 520,
  "parallel": false,
  "ematrix_on": false,
  "ematrix_filename": "off",
  "diag_pseudobeads_on": true,
  "density_cap_on": true,
  "phi_solvent_max": 0.5,
  "phi_chromatin": 0.06,
  "compressibility_on": false,
  "kappa": 20,
  "smatrix_filename": "smatrix.txt",
  "smatrix_on": false,
  "seed": 84351,
  "decay_length": 100,
  "nSweeps": 400000,
  "dump_frequency": 100000,
  "dump_stats_frequency": 100,
  "nEquilibSweeps": 1,
  "bonded_on": true,
  "nonbonded_on": true,
  "binding_on": false,
  "diagonal_on": true,
  "displacement_on": false,
  "translation_on": true,
  "crankshaft_on": true,
  "pivot_on": true,
  "rotate_on": false,
  "plaid_on": true,
  "AB_block": false,
  "domainsize": 800,
  "load_bead_types": true,
  "load_chipseq": true,
  "load_configuration": true,
  "profiling_on": false,
  "print_trans": false,
  "print_acceptance_rates": true,
  "contact_resolution": 1,
  "gridmove_on": true,
  "diag_chis": [3.02154894658727, 2.0820574225959536, 0.8862218818950147, 0.8327210283209636, 0.8789690753127288, 1.2366483340556018, 0.9785515656353335, 1.340586945727439, 1.4859419982400828, 1.4625866885880487, 1.5814948715218051, 1.6093267742181374, 1.8105595964665189, 1.895836596167134, 1.861572220431918, 1.912555385939536, 2.4091292387215684, 2.6446541683037, 2.900600663994884, 3.1751713392467247, 3.6338735609920536, 3.973092816251717, 3.963203317587035, 4.938639374174056, 5.221393709102141, 5.3179024493663185, 6.710671529986639, 7.246199752497775, 8.359077553172622, 8.748011013183834, 10.280922092685879, 12.082442334497747],
  "grid_size": 28.7,
  "track_contactmap": false,
  "diagonal_linear": true,
  "visit_tracking": false,
  "dump_density": false,
  "update_contacts_distance": false,
  "boundary_attract_on": false,
  "boundary_chi": 0,
  "nbeads": 1024,
  "nspecies": 6,
  "load_configuration_filename": "equilibrated.xyz",
  "bead_type_files": ["pcf1.txt", "pcf2.txt", "pcf3.txt", "pcf4.txt", "pcf5.txt", "pcf6.txt"],
  "chis": [
    [-0.001028743945908621, -0.05927656180416789, -0.2254942043841224, -0.3552459171547805, -0.41690171816039967, -0.9903019967436404],
    [-0.05927656180416789, -0.44686094593615977, 0.19743647378609588, 0.46767187834476753, -0.0500587571615625, 0.9040936738099415],
    [-0.2254942043841224, 0.19743647378609588, -0.2780982402363878, 0.08495637863097007, 0.20526179217839444, 0.1603963874787312],
    [-0.3552459171547805, 0.46767187834476753, 0.08495637863097007, -0.48189069812996504, 0.13706389610705566, 0.2816652409814737],
    [-0.41690171816039967, -0.0500587571615625, 0.20526179217839444, 0.13706389610705566, -0.19577871754707718, 0.091185033816847],
    [-0.9903019967436404, 0.9040936738099415, 0.1603963874787312, 0.2816652409814737, 0.091185033816847, -0.5509566588096895]
  ]
}