{
  "angles_on": true,
  "k_angle": 0,
  "dmatrix_on": true,
  "emmatrix_on": true,
  "dense_diagonal_cutoff": 0.0625,
  "dense_diagonal_loading": 0.5,
  "diag_start": 0,
  "diag_cutoff": 1024,
  "constant_chi": 0,
  "constant_chi_on": false,
  "contact_bead_skipping": false,
  "boundary_type": "sphere",
  "bond_type": "gaussian",
  "bond_length": 30,
  "cell_volumes": false,
  "dense_diagonal_on": true,
  "beadvol": 520,
  "parallel": false,
  "ematrix_on": false,
  "ematrix_filename": "off",
  "diag_pseudobeads_on": true,
  "density_cap_on": true,
  "phi_solvent_max": 0.5,
  "phi_chromatin": 0.06,
  "compressibility_on": false,
  "kappa": 20,
  "smatrix_filename": "smatrix.txt",
  "smatrix_on": false,
  "seed": 65168,
  "decay_length": 100,
  "nSweeps": 50000,
  "dump_frequency": 100000,
  "dump_stats_frequency": 100,
  "nEquilibSweeps": 1,
  "bonded_on": true,
  "nonbonded_on": true,
  "binding_on": false,
  "diagonal_on": true,
  "displacement_on": false,
  "translation_on": true,
  "crankshaft_on": true,
  "pivot_on": true,
  "rotate_on": false,
  "plaid_on": true,
  "AB_block": false,
  "domainsize": 800,
  "load_bead_types": true,
  "load_chipseq": true,
  "load_configuration": true,
  "profiling_on": false,
  "print_trans": false,
  "print_acceptance_rates": true,
  "contact_resolution": 1,
  "gridmove_on": true,
  "diag_chis": [1.9874598613892704, 0.8969448405775875, -0.46304258603108395, -0.17036333885027966, -0.0529750357347083, 0.16871277603108292, -0.5226133516898976, 0.3005031509368241, -0.017444748967751722, 0.1493297653643455, 0.6801559163467401, -0.09272064853460549, 0.37684061431030413, 0.7627803832518499, 0.7260304648456626, 0.6949762917853671, 0.9554971385810291, 1.1523734679965503, 1.3550474672453503, 1.5425742667684348, 1.7199367775259047, 1.9212289384222572, 1.9559915750929817, 2.06289309134405, 2.142434680880302, 2.1678525658437637, 2.712801318087692, 2.253979761347859, 2.7029182434153345, 2.537967727657176, 2.6987954575214035, 3.091944520496388],
  "grid_size": 28.7,
  "track_contactmap": false,
  "diagonal_linear": true,
  "visit_tracking": false,
  "dump_density": false,
  "update_contacts_distance": false,
  "boundary_attract_on": false,
  "boundary_chi": 0,
  "nbeads": 1024,
  "nspecies": 6,
  "load_configuration_filename": "equilibrated.xyz",
  "bead_type_files": ["pcf1.txt", "pcf2.txt", "pcf3.txt", "pcf4.txt", "pcf5.txt", "pcf6.txt"],
  "chis": [
    [-0.09864805688850385, 0.1984837735895313, 0.07985195922572702, -0.22643570623766474, -0.5340310999763216, -0.6824274994165521],
    [0.1984837735895313, -0.35586370386103694, 0.013405101123129592, 0.370878291320624, -0.2340000691236308, 0.8046575319454415],
    [0.07985195922572702, 0.013405101123129592, -0.19194670650857748, 0.06964129288612747, -0.006362378219110731, 0.17111128727698746],
    [-0.22643570623766474, 0.370878291320624, 0.06964129288612747, -0.41442084998818635, 0.1927223061232719, -0.08754261759926582],
    [-0.5340310999763216, -0.2340000691236308, -0.006362378219110731, 0.1927223061232719, 0.1110200725982331, 0.12086259635813001],
    [-0.6824274994165521, 0.8046575319454415, 0.17111128727698746, -0.08754261759926582, 0.12086259635813001, -0.5153595209654213]
  ]
}